{
  "model": "GBM_reference_standard_split",
  "accuracy": 0.8990267639902676,
  "f1_purchase": 0.6458036984352774,
  "recall_purchase": 0.5942408376963351,
  "precision_purchase": 0.7071651090342679,
  "roc_auc": 0.9264553667433751,
  "cv_f1_mean": 0.6519049801728063,
  "cv_f1_std": 0.01145995220068611
}