{
  "model": "GBM_reference_standard_split",
  "accuracy": 0.8994322789943228,
  "f1_purchase_train": 0.7737122557726466,
  "f1_purchase_test": 0.6446991404011462,
  "holdout_gap_f1": 0.1290131153715004,
  "recall_purchase": 0.5890052356020943,
  "precision_purchase": 0.7120253164556962,
  "roc_auc": 0.9267467918119605,
  "cv_f1_mean_on_train": 0.6534988814834775,
  "cv_f1_std_on_train": 0.01837457098051384,
  "naive_baseline_accuracy": 0.8450932684509327,
  "naive_baseline_f1": 0.0,
  "month_importance": 0.05421529916327773,
  "pagevalues_importance": 0.6685069092244116
}